Ref,Val,Package,PosX,PosY,Rot,Side
"BTN1","Screw_Terminal_01x02","TerminalBlock_Phoenix_MKDS-1,5-2-5.08_1x02_P5.08mm_Horizontal",31.420000,6.500000,0.000000,top
"BUZZ1","Screw_Terminal_01x02","TerminalBlock_Phoenix_MKDS-1,5-2-5.08_1x02_P5.08mm_Horizontal",18.765000,6.500000,0.000000,top
"C-CH1","0.1uF","C_0805_2012Metric",70.285000,59.150000,90.000000,top
"C-CH2","0.1uF","C_0805_2012Metric",70.385000,28.100000,90.000000,top
"C1","0.1uF","C_0805_2012Metric",65.585000,68.700000,-90.000000,top
"C2","0.1uF","C_0805_2012Metric",61.285000,53.350000,-90.000000,top
"C4","10uF","C_0805_2012Metric",56.585000,68.750000,-90.000000,top
"C5","10uF","C_0805_2012Metric",62.985000,68.700000,-90.000000,top
"C6","1uF","C_0805_2012Metric",34.000000,15.000000,180.000000,top
"C8","0.1uF","C_0805_2012Metric",65.085000,38.250000,-90.000000,top
"C9","0.1uF","C_0805_2012Metric",61.185000,23.350000,-90.000000,top
"C11","10uF","C_0805_2012Metric",56.485000,38.250000,-90.000000,top
"C13","10uF","C_0805_2012Metric",62.885000,38.250000,-90.000000,top
"D1","1N4148","D_SOD-123",56.685000,54.400000,0.000000,top
"D2","1N4148","D_SOD-123",56.985000,61.400000,90.000000,top
"D3","1N4148","D_SOD-123",56.635000,48.400000,0.000000,top
"D4","1N4148","D_SOD-123",56.835000,24.900000,0.000000,top
"D5","1N4148","D_SOD-123",56.685000,31.400000,90.000000,top
"D6","1N4148","D_SOD-123",56.985000,19.900000,0.000000,top
"D7","1N4148","D_SOD-123",20.615000,14.305000,180.000000,top
"FB1","FERRITE-0805NO","L_0805_2012Metric",56.822500,57.800000,180.000000,top
"FB2","FERRITE-0805NO","L_0805_2012Metric",56.762500,27.600000,180.000000,top
"I2C-LCD1","Screw_Terminal_01x04","TerminalBlock_Phoenix_MKDS-1,5-4-5.08_1x04_P5.08mm_Horizontal",6.495000,67.060000,-90.000000,top
"IC1","MAX31865","TQFN-20-1EP_5x5mm_P0.65mm_EP3.1x3.1mm_ThermalVias",63.485000,59.100000,90.000000,top
"IC2","MAX31865","TQFN-20-1EP_5x5mm_P0.65mm_EP3.1x3.1mm_ThermalVias",63.485000,28.737500,90.000000,top
"J6","Screw_Terminal_01x04","TerminalBlock_Phoenix_MKDS-1,5-4-5.08_1x04_P5.08mm_Horizontal",82.285000,51.130000,90.000000,top
"J7","Screw_Terminal_01x04","TerminalBlock_Phoenix_MKDS-1,5-4-5.08_1x04_P5.08mm_Horizontal",82.285000,21.145000,90.000000,top
"R2","10K","R_0805_2012Metric",57.172500,35.300000,180.000000,top
"R3","10K","R_0805_2012Metric",56.885000,17.200000,180.000000,top
"R4","10K","R_0805_2012Metric",56.772500,22.400000,180.000000,top
"R6","10K","R_0805_2012Metric",56.772500,51.100000,180.000000,top
"R7","10K","R_0805_2012Metric",56.772500,45.600000,180.000000,top
"R8","10K","R_0805_2012Metric",57.272500,65.600000,180.000000,top
"R9","10K","R_0805_2012Metric",30.500000,18.587500,90.000000,top
"R10","220","R_0805_2012Metric",25.165000,16.992500,90.000000,top
"REG1","MIC5225-3.3","SOT-23-5",59.747500,68.750000,0.000000,top
"REG2","MIC5225-3.3","SOT-23-5",59.685000,38.162500,0.000000,top
"Rref-1","430R 0.1%","R_0805_2012Metric",63.750000,53.350000,90.000000,top
"Rref-2","430R 0.1%","R_0805_2012Metric",63.750000,23.387500,90.000000,top
"SSR-CH1","Screw_Terminal_01x02","TerminalBlock_Phoenix_MKDS-1,5-2-5.08_1x02_P5.08mm_Horizontal",6.495000,32.470000,-90.000000,top
"SSR-CH2","Screw_Terminal_01x02","TerminalBlock_Phoenix_MKDS-1,5-2-5.08_1x02_P5.08mm_Horizontal",6.495000,20.055000,-90.000000,top
"uC1","Arduino_Nano_Every","Arduino_Nano",33.340000,37.840000,180.000000,top
